1,1,Performance Bonus,1200
2,2,Annual Bonus,1500
3,3,Spot Bonus,600
4,4,Retention Bonus,2000
5,5,Performance Bonus,1300
6,6,Annual Bonus,1600
7,7,Spot Bonus,700
8,8,Retention Bonus,2100
9,9,Performance Bonus,1400
10,10,Annual Bonus,1700
11,11,Spot Bonus,800
12,12,Retention Bonus,2200
13,13,Performance Bonus,1250
14,14,Annual Bonus,1550
15,15,Spot Bonus,650
16,16,Retention Bonus,2300
17,17,Performance Bonus,1350
18,18,Annual Bonus,1650
19,19,Spot Bonus,750
20,20,Retention Bonus,2400
21,21,Performance Bonus,1450
22,22,Annual Bonus,1750
23,23,Spot Bonus,850
24,24,Retention Bonus,2500
25,25,Performance Bonus,1500
26,26,Annual Bonus,1800
27,27,Spot Bonus,900
28,28,Retention Bonus,2600
29,29,Performance Bonus,1550
30,30,Annual Bonus,1850
31,31,Spot Bonus,950
32,32,Retention Bonus,2700
33,33,Performance Bonus,1600
34,34,Annual Bonus,1900
35,35,Spot Bonus,1000
36,36,Retention Bonus,2800
37,37,Performance Bonus,1650
38,38,Annual Bonus,1950
39,39,Spot Bonus,1050
40,40,Retention Bonus,2900
41,41,Performance Bonus,1700
42,42,Annual Bonus,2000
43,43,Spot Bonus,1100
44,44,Retention Bonus,3000
45,45,Performance Bonus,1750
46,46,Annual Bonus,2050
47,47,Spot Bonus,1150
48,48,Retention Bonus,2950
49,49,Performance Bonus,1800
50,50,Annual Bonus,2100
51,51,Spot Bonus,1200
52,52,Retention Bonus,2850
53,53,Performance Bonus,1850
54,54,Annual Bonus,2150
55,55,Spot Bonus,1250
56,56,Retention Bonus,2750
57,57,Performance Bonus,1900
58,58,Annual Bonus,2200
59,59,Spot Bonus,1300
60,60,Retention Bonus,2650
61,61,Performance Bonus,1950
62,62,Annual Bonus,2250
63,63,Spot Bonus,1350
64,64,Retention Bonus,2550
65,65,Performance Bonus,2000
66,66,Annual Bonus,2300
67,67,Spot Bonus,1400
68,68,Retention Bonus,2450
69,69,Performance Bonus,2050
70,70,Annual Bonus,2350
71,71,Spot Bonus,1450
72,72,Retention Bonus,2350
73,73,Performance Bonus,2100
74,74,Annual Bonus,2400
75,75,Spot Bonus,1500
76,76,Retention Bonus,2250
77,77,Performance Bonus,2150
78,78,Annual Bonus,2450
79,79,Spot Bonus,1550
80,80,Retention Bonus,2150
81,81,Performance Bonus,2200
82,82,Annual Bonus,2500
83,83,Spot Bonus,1600
84,84,Retention Bonus,2050
85,85,Performance Bonus,2250
86,86,Annual Bonus,2550
87,87,Spot Bonus,1650
88,88,Retention Bonus,1950
89,89,Performance Bonus,2300
90,90,Annual Bonus,2600
91,91,Spot Bonus,1700
92,92,Retention Bonus,1850
93,93,Performance Bonus,2350
94,94,Annual Bonus,2650
95,95,Spot Bonus,1750
96,96,Retention Bonus,1750
97,97,Performance Bonus,2400
98,98,Annual Bonus,2700
99,99,Spot Bonus,1800
100,100,Retention Bonus,1650
101,101,Performance Bonus,2450
102,102,Annual Bonus,2750
103,103,Spot Bonus,1850
104,104,Retention Bonus,1550
105,105,Performance Bonus,2500
106,106,Annual Bonus,2800
107,107,Spot Bonus,1900
108,108,Retention Bonus,1450
109,109,Performance Bonus,2550
110,110,Annual Bonus,2850
111,111,Spot Bonus,1950
112,112,Retention Bonus,1350
113,113,Performance Bonus,2600
114,114,Annual Bonus,2900
115,115,Spot Bonus,2000
116,116,Retention Bonus,1250
117,117,Performance Bonus,2650
118,118,Annual Bonus,2950
119,119,Spot Bonus,2050
120,120,Retention Bonus,1150
121,121,Performance Bonus,2700
122,122,Annual Bonus,3000
123,123,Spot Bonus,2100
124,124,Retention Bonus,1050
125,125,Performance Bonus,2750
126,126,Annual Bonus,2900
127,127,Spot Bonus,2150
128,128,Retention Bonus,950
129,129,Performance Bonus,2800
130,130,Annual Bonus,2850
131,131,Spot Bonus,2200
132,132,Retention Bonus,900
133,133,Performance Bonus,2850
134,134,Annual Bonus,2800
135,135,Spot Bonus,2250
136,136,Retention Bonus,850
137,137,Performance Bonus,2900
138,138,Annual Bonus,2750
139,139,Spot Bonus,2300
140,140,Retention Bonus,800
141,141,Performance Bonus,2950
142,142,Annual Bonus,2700
143,143,Spot Bonus,2350
144,144,Retention Bonus,750
145,145,Performance Bonus,3000
146,146,Annual Bonus,2650
147,147,Spot Bonus,2400
148,148,Retention Bonus,700
149,149,Performance Bonus,2950
150,150,Annual Bonus,2600
151,151,Spot Bonus,2450
152,152,Retention Bonus,650
153,153,Performance Bonus,2900
154,154,Annual Bonus,2550
155,155,Spot Bonus,2500
156,156,Retention Bonus,600
157,157,Performance Bonus,2850
158,158,Annual Bonus,2500
159,159,Spot Bonus,2550
160,160,Retention Bonus,550
161,161,Performance Bonus,2800
162,162,Annual Bonus,2450
163,163,Spot Bonus,2600
164,164,Retention Bonus,500
165,165,Performance Bonus,2750
166,166,Annual Bonus,2400
167,167,Spot Bonus,2650
168,168,Retention Bonus,450
169,169,Performance Bonus,2700
170,170,Annual Bonus,2350
171,171,Spot Bonus,2700
172,172,Retention Bonus,400
173,173,Performance Bonus,2650
174,174,Annual Bonus,2300
175,175,Spot Bonus,2750
176,176,Retention Bonus,350
177,177,Performance Bonus,2600
178,178,Annual Bonus,2250
179,179,Spot Bonus,2800
180,180,Retention Bonus,300
181,181,Performance Bonus,2550
182,182,Annual Bonus,2200
183,183,Spot Bonus,2850
184,184,Retention Bonus,350
185,185,Performance Bonus,2500
186,186,Annual Bonus,2150
187,187,Spot Bonus,2900
188,188,Retention Bonus,400
189,189,Performance Bonus,2450
190,190,Annual Bonus,2100
191,191,Spot Bonus,2950
192,192,Retention Bonus,450
193,193,Performance Bonus,2400
194,194,Annual Bonus,2050
195,195,Spot Bonus,3000
196,196,Retention Bonus,500
197,197,Performance Bonus,2350
198,198,Annual Bonus,2000
199,199,Spot Bonus,2950
200,200,Retention Bonus,550
201,201,Performance Bonus,2300
202,202,Annual Bonus,1950
203,203,Spot Bonus,2900
204,204,Retention Bonus,600
205,205,Performance Bonus,2250
206,206,Annual Bonus,1900
207,207,Spot Bonus,2850
208,208,Retention Bonus,650
209,209,Performance Bonus,2200
210,210,Annual Bonus,1850
211,211,Spot Bonus,2800
212,212,Retention Bonus,700
213,213,Performance Bonus,2150
214,214,Annual Bonus,1800
215,215,Spot Bonus,2750
216,216,Retention Bonus,750
217,217,Performance Bonus,2100
218,218,Annual Bonus,1750
219,219,Spot Bonus,2700
220,220,Retention Bonus,800
221,221,Performance Bonus,2050
222,222,Annual Bonus,1700
223,223,Spot Bonus,2650
224,224,Retention Bonus,850
225,225,Performance Bonus,2000
226,226,Annual Bonus,1650
227,227,Spot Bonus,2600
228,228,Retention Bonus,900
229,229,Performance Bonus,1950
230,230,Annual Bonus,1600
231,231,Spot Bonus,2550
232,232,Retention Bonus,950
233,233,Performance Bonus,1900
234,234,Annual Bonus,1550
235,235,Spot Bonus,2500
236,236,Retention Bonus,1000
237,237,Performance Bonus,1850
238,238,Annual Bonus,1500
239,239,Spot Bonus,2450
240,240,Retention Bonus,1050
241,241,Performance Bonus,1800
242,242,Annual Bonus,1450
243,243,Spot Bonus,2400
244,244,Retention Bonus,1100
245,245,Performance Bonus,1750
246,246,Annual Bonus,1400
247,247,Spot Bonus,2350
248,248,Retention Bonus,1150
249,249,Performance Bonus,1700
250,250,Annual Bonus,1350
