1,Human Resources
2,Finance
3,Information Technology
4,Marketing
5,Sales
6,Customer Support
7,Data & Analytics
8,Operations
9,Legal & Compliance
10,Procurement
11,Payroll
12,Recruitment
13,Training & Development
14,Compensation & Benefits
15,Corporate Communications
16,Quality Assurance
17,Product Management
18,Business Intelligence
19,Risk Management
20,Internal Audit
21,Security & Infrastructure
22,Cloud Engineering
23,DevOps
24,Software Development
25,Digital Media
26,Public Relations
27,Executive Management
28,Strategic Planning
29,Corporate Governance
30,Enterprise Architecture
31,IT Support Services
32,Software Quality Control
33,Mobile Development
34,Web Development
35,Cloud Operations
36,Database Administration
37,Network Operations
38,Cybersecurity
39,Infrastructure Services
40,Business Operations
41,Vendor Management
42,Logistics
43,Supply Chain
44,Facilities Management
45,Employee Relations
46,Organizational Development
47,Workforce Management
48,Time & Attendance
49,Health & Safety
50,Environmental Compliance
51,Regulatory Affairs
52,Corporate Strategy
53,Enterprise Risk
54,Financial Planning
55,Budgeting & Forecasting
56,Taxation
57,Treasury Management
58,Accounts Payable
59,Accounts Receivable
60,General Ledger
61,Financial Compliance
62,Financial Systems
63,IT Governance
64,IT Asset Management
65,IT Change Management
66,IT Service Delivery
67,Helpdesk Support
68,Technical Support
69,Product Design
70,Product Engineering
71,Product Research
72,Innovation Lab
73,Data Science
74,Machine Learning
75,Artificial Intelligence
76,Deep Learning
77,Data Engineering
78,Data Operations
79,Data Governance
80,Data Quality
81,Master Data Management
82,Enterprise Data Warehouse
83,Cloud Security
84,Cloud Architecture
85,Cloud Automation
86,Platform Engineering
87,API Management
88,Integration Services
89,Enterprise Applications
90,ERP Systems
91,CRM Systems
92,IT Compliance
93,IT Audit
94,IT Risk
95,IT Monitoring
96,IT Performance Management
97,Digital Transformation
98,Digital Experience
99,Digital Operations
100,Digital Strategy
101,Digital Innovation
102,Digital Research
103,Digital Engineering
104,Digital Labs
105,Digital Compliance
106,Digital Infrastructure
107,Digital Platforms
108,Digital Products
109,Digital Services
110,Digital Operations Center
111,Advanced Analytics
112,Advanced Engineering
113,Advanced Systems
114,Advanced Computing
115,Advanced Architecture
116,Enterprise Solutions
117,Enterprise Platforms
118,Enterprise Systems
119,Enterprise Operations
120,Enterprise Support
121,Corporate Technology
122,Corporate Applications
123,Corporate Infrastructure
124,Corporate Operations
125,Corporate Services
126,Corporate Finance
127,Corporate Accounting
128,Corporate Tax
129,Corporate Audit
130,Corporate Risk
131,Corporate Compliance
132,Corporate Legal
133,Corporate Affairs
134,Corporate Operations Center
135,Corporate Support Services
136,Human Capital Management
137,Human Capital Strategy
138,Human Capital Analytics
139,Human Capital Operations
140,Human Capital Development
141,Workplace Experience
142,Workplace Technology
143,Workplace Operations
144,Workplace Services
145,Workplace Safety
146,Enterprise HR Systems
147,Enterprise Payroll Systems
148,Enterprise Finance Systems
149,Enterprise IT Systems
150,Enterprise Operations Center
151,Enterprise Data Science
152,Enterprise Machine Learning
153,Enterprise AI Systems
154,Enterprise Automation
155,Enterprise Robotics
156,Enterprise Cloud Services
157,Enterprise Integration
158,Enterprise Monitoring
159,Enterprise Support Center
160,Enterprise Engineering
161,Strategic HR
162,Strategic Finance
163,Strategic Technology
164,Strategic Operations
165,Strategic Compliance
166,Strategic Risk
167,Strategic Audit
168,Strategic Workforce
169,Strategic Analytics
170,Strategic Systems
171,Global HR
172,Global Finance
173,Global Technology
174,Global Operations
175,Global Compliance
176,Global Risk
177,Global Audit
178,Global Workforce
179,Global Analytics
180,Global Systems
181,International HR
182,International Finance
183,International Technology
184,International Operations
185,International Compliance
186,International Strategy
187,International Support
188,International Services
189,International Projects
190,International Programs
191,Regional HR
192,Regional Finance
193,Regional Technology
194,Regional Operations
195,Regional Compliance
196,Regional Strategy
197,Regional Support
198,Regional Services
199,Regional Projects
200,Regional Programs
201,Regional Technology Center
202,Regional Innovation Hub
203,Regional Engineering
204,Regional Infrastructure
205,Regional Cloud Services
206,Regional Data Center
207,Regional Support Center
208,Regional Operations Hub
209,Regional Compliance Office
210,Regional Risk Office
211,Local HR
212,Local Finance
213,Local Technology
214,Local Operations
215,Local Compliance
216,Local Strategy
217,Local Support
218,Local Services
219,Local Projects
220,Local Programs
221,Local Workforce
222,Local Analytics
223,Local Systems
224,Local Engineering
225,Local Infrastructure
226,Local Cloud Services
227,Local Data Center
228,Local Support Center
229,Local Operations Hub
230,Local Compliance Office
231,Local Risk Office
232,Community HR
233,Community Finance
234,Community Technology
235,Community Operations
236,Community Compliance
237,Community Strategy
238,Community Support
239,Community Services
240,Community Projects
241,Community Programs
242,Community Workforce
243,Community Analytics
244,Community Systems
245,Community Engineering
246,Community Infrastructure
247,Community Innovation
248,Community Development
249,Community Administration
250,Community Services Center
